{"cameraMode":{"drawMode":0,"name":"Shaded","section":"Shading Mode"},"sceneLighting":false,"audioPlay":false,"sceneViewState":{"m_AlwaysRefresh":false,"showFog":true,"showSkybox":false,"showFlares":true,"showImageEffects":true,"showParticleSystems":true,"showVisualEffectGraphs":true,"m_FxEnabled":true},"in2DMode":false,"pivot":{"x":-9.338391304016114,"y":-0.42064520716667178,"z":-2.9802322387695315e-8},"rotation":{"x":-0.007929330691695214,"y":-0.4736957252025604,"z":-0.004256492480635643,"w":0.8806539177894592},"size":0.8435055613517761,"orthographic":true}