{"cameraMode":{"drawMode":0,"name":"Shaded","section":"Shading Mode"},"sceneLighting":false,"audioPlay":false,"sceneViewState":{"m_AlwaysRefresh":false,"showFog":true,"showSkybox":false,"showFlares":true,"showImageEffects":true,"showParticleSystems":true,"showVisualEffectGraphs":true,"m_FxEnabled":true},"in2DMode":false,"pivot":{"x":-0.24000000953674317,"y":2.8278682231903078,"z":0.038753002882003787},"rotation":{"x":0.0709671899676323,"y":0.10156421363353729,"z":-0.007263624109327793,"w":0.992270290851593},"size":0.812178909778595,"orthographic":true}